sample	condition	fq1	fq2
PI127826_F1	F1	/home/mgalland/data/01_sequencing_runs/20171123_F1_lines_LA1777_PI127826_Cv/14865_PI127826_F1_AGCGATAG-AGGCGAAG_L007_R1_001.fastq.gz	/home/mgalland/data/01_sequencing_runs/20171123_F1_lines_LA1777_PI127826_Cv/14865_PI127826_F1_AGCGATAG-AGGCGAAG_L007_R2_001.fastq.gz
LA1777	wild	/home/mgalland/data/01_sequencing_runs/20171123_F1_lines_LA1777_PI127826_Cv/LA1777_4_TCTCGCGC-CAGGACGT_L005_R1_001.fastq.gz	/home/mgalland/data/01_sequencing_runs/20171123_F1_lines_LA1777_PI127826_Cv/LA1777_4_TCTCGCGC-CAGGACGT_L005_R2_001.fastq.gz
LA1777_F1	F1	/home/mgalland/data/01_sequencing_runs/20171123_F1_lines_LA1777_PI127826_Cv/LA1777_F1_3_TCTCGCGC-TAATCTTA_L007_R1_001.fastq.gz	/home/mgalland/data/01_sequencing_runs/20171123_F1_lines_LA1777_PI127826_Cv/LA1777_F1_3_TCTCGCGC-TAATCTTA_L007_R2_001.fastq.gz
Elite_01	elite	/home/mgalland/data/01_sequencing_runs/20171123_F1_lines_LA1777_PI127826_Cv/LA1777_P1_Cv_4_TCTCGCGC-AGGCGAAG_L007_R1_001.fastq.gz	/home/mgalland/data/01_sequencing_runs/20171123_F1_lines_LA1777_PI127826_Cv/LA1777_P1_Cv_4_TCTCGCGC-AGGCGAAG_L007_R2_001.fastq.gz
Elite_02	elite	/home/mgalland/data/01_sequencing_runs/20171123_F1_lines_LA1777_PI127826_Cv/PI26_P1_cv_i_AGCGATAG-CCTATCCT_L006_R1_001.fastq.gz	/home/mgalland/data/01_sequencing_runs/20171123_F1_lines_LA1777_PI127826_Cv/PI26_P1_cv_i_AGCGATAG-CCTATCCT_L006_R2_001.fastq.gz
PI127826	wild	/home/mgalland/data/01_sequencing_runs/20171123_F1_lines_LA1777_PI127826_Cv/PI26_P2_w_4_AGCGATAG-TATAGCCT_L005_R1_001.fastq.gz	/home/mgalland/data/01_sequencing_runs/20171123_F1_lines_LA1777_PI127826_Cv/PI26_P2_w_4_AGCGATAG-TATAGCCT_L005_R2_001.fastq.gz
F1-hab	F1	/home/mgalland/data/01_sequencing_runs/20171123_F1_lines_LA1777_PI127826_Cv/PI26xLA1777_F1_J_TCTCGCGC-GTACTGAC_L005_R1_001.fastq.gz	/home/mgalland/data/01_sequencing_runs/20171123_F1_lines_LA1777_PI127826_Cv/PI26xLA1777_F1_J_TCTCGCGC-GTACTGAC_L005_R2_001.fastq.gz
F2-127	F2	/home/mgalland/data/01_sequencing_runs/20190325_F2_active_lazy_PI127826/F2-127_R1.fastq.gz	/home/mgalland/data/01_sequencing_runs/20190325_F2_active_lazy_PI127826/F2-127_R2.fastq.gz
F2-151	F2	/home/mgalland/data/01_sequencing_runs/20190325_F2_active_lazy_PI127826/F2-151_R1.fastq.gz	/home/mgalland/data/01_sequencing_runs/20190325_F2_active_lazy_PI127826/F2-151_R2.fastq.gz
F2-28	F2	/home/mgalland/data/01_sequencing_runs/20190325_F2_active_lazy_PI127826/F2-28_R1.fastq.gz	/home/mgalland/data/01_sequencing_runs/20190325_F2_active_lazy_PI127826/F2-28_R2.fastq.gz
F2-411	F2	/home/mgalland/data/01_sequencing_runs/20190325_F2_active_lazy_PI127826/F2-411_R1.fastq.gz	/home/mgalland/data/01_sequencing_runs/20190325_F2_active_lazy_PI127826/F2-411_R2.fastq.gz
F2-445	F2	/home/mgalland/data/01_sequencing_runs/20190325_F2_active_lazy_PI127826/F2-445_R1.fastq.gz	/home/mgalland/data/01_sequencing_runs/20190325_F2_active_lazy_PI127826/F2-445_R2.fastq.gz
F2-73	F2	/home/mgalland/data/01_sequencing_runs/20190325_F2_active_lazy_PI127826/F2-73_R1.fastq.gz	/home/mgalland/data/01_sequencing_runs/20190325_F2_active_lazy_PI127826/F2-73_R2.fastq.gz